trial,testing,parameters,initial_deadline,final_deadline,net_reward,actions,success
1,False,"{'a': 0.8, 'e': 1.0}",20,0,-106.49283651121614,"{0: 12, 1: 3, 2: 3, 3: 0, 4: 2}",0
2,False,"{'a': 0.8, 'e': 0.25}",30,0,-106.3164087700657,"{0: 23, 1: 1, 2: 3, 3: 1, 4: 2}",0
3,False,"{'a': 0.8, 'e': 0.1111111111111111}",25,0,-12.267425054391534,"{0: 23, 1: 0, 2: 1, 3: 0, 4: 1}",0
4,False,"{'a': 0.8, 'e': 0.0625}",30,0,21.048841183467534,"{0: 28, 1: 0, 2: 2, 3: 0, 4: 0}",0
5,False,"{'a': 0.8, 'e': 0.04}",20,0,13.236593129190586,"{0: 19, 1: 0, 2: 1, 3: 0, 4: 0}",0
6,False,"{'a': 0.8, 'e': 0.027777777777777776}",25,3,37.39149326424902,"{0: 22, 1: 0, 2: 0, 3: 0, 4: 0}",1
7,False,"{'a': 0.8, 'e': 0.02040816326530612}",25,0,15.720568184311025,"{0: 23, 1: 0, 2: 2, 3: 0, 4: 0}",0
8,False,"{'a': 0.8, 'e': 0.015625}",20,1,33.11110822369089,"{0: 19, 1: 0, 2: 0, 3: 0, 4: 0}",1
9,False,"{'a': 0.8, 'e': 0.012345679012345678}",35,9,38.57299372169878,"{0: 26, 1: 0, 2: 0, 3: 0, 4: 0}",1
10,False,"{'a': 0.8, 'e': 0.01}",25,6,-31.683072435211763,"{0: 17, 1: 0, 2: 0, 3: 1, 4: 1}",1
11,False,"{'a': 0.8, 'e': 0.008264462809917356}",20,12,14.157233656914103,"{0: 8, 1: 0, 2: 0, 3: 0, 4: 0}",1
12,False,"{'a': 0.8, 'e': 0.006944444444444444}",25,1,40.66939102827987,"{0: 24, 1: 0, 2: 0, 3: 0, 4: 0}",1
13,False,"{'a': 0.8, 'e': 0.005917159763313609}",25,2,36.137836577501474,"{0: 23, 1: 0, 2: 0, 3: 0, 4: 0}",1
14,False,"{'a': 0.8, 'e': 0.00510204081632653}",25,0,37.42395773029953,"{0: 25, 1: 0, 2: 0, 3: 0, 4: 0}",0
15,False,"{'a': 0.8, 'e': 0.0044444444444444444}",25,15,18.704325610465606,"{0: 10, 1: 0, 2: 0, 3: 0, 4: 0}",1
16,False,"{'a': 0.8, 'e': 0.00390625}",25,17,1.4488675092723997,"{0: 7, 1: 0, 2: 1, 3: 0, 4: 0}",1
17,False,"{'a': 0.8, 'e': 0.0034602076124567475}",30,4,44.303883746705004,"{0: 26, 1: 0, 2: 0, 3: 0, 4: 0}",1
18,False,"{'a': 0.8, 'e': 0.0030864197530864196}",20,2,30.36797935388341,"{0: 18, 1: 0, 2: 0, 3: 0, 4: 0}",1
19,False,"{'a': 0.8, 'e': 0.002770083102493075}",25,0,36.33557676393711,"{0: 25, 1: 0, 2: 0, 3: 0, 4: 0}",0
20,False,"{'a': 0.8, 'e': 0.0025}",20,7,23.82192757763313,"{0: 13, 1: 0, 2: 0, 3: 0, 4: 0}",1
21,False,"{'a': 0.8, 'e': 0.0022675736961451248}",20,10,18.895481426652626,"{0: 10, 1: 0, 2: 0, 3: 0, 4: 0}",1
22,False,"{'a': 0.8, 'e': 0.002066115702479339}",20,0,32.188653809461925,"{0: 20, 1: 0, 2: 0, 3: 0, 4: 0}",0
23,False,"{'a': 0.8, 'e': 0.001890359168241966}",25,9,24.829558182141085,"{0: 16, 1: 0, 2: 0, 3: 0, 4: 0}",1
24,False,"{'a': 0.8, 'e': 0.001736111111111111}",30,6,46.57273985012748,"{0: 24, 1: 0, 2: 0, 3: 0, 4: 0}",1
25,False,"{'a': 0.8, 'e': 0.0016}",20,0,23.26188802879942,"{0: 19, 1: 1, 2: 0, 3: 0, 4: 0}",0
26,False,"{'a': 0.8, 'e': 0.0014792899408284023}",20,8,20.910021871809874,"{0: 12, 1: 0, 2: 0, 3: 0, 4: 0}",1
27,False,"{'a': 0.8, 'e': 0.0013717421124828531}",20,13,14.71301633777751,"{0: 7, 1: 0, 2: 0, 3: 0, 4: 0}",1
28,False,"{'a': 0.8, 'e': 0.0012755102040816326}",20,0,35.15077674848741,"{0: 20, 1: 0, 2: 0, 3: 0, 4: 0}",0
29,False,"{'a': 0.8, 'e': 0.0011890606420927466}",30,10,30.488762600434246,"{0: 20, 1: 0, 2: 0, 3: 0, 4: 0}",1
30,False,"{'a': 0.8, 'e': 0.0011111111111111111}",25,5,33.50500888802556,"{0: 20, 1: 0, 2: 0, 3: 0, 4: 0}",1
31,False,"{'a': 0.8, 'e': 0.001040582726326743}",25,11,22.789097190315207,"{0: 14, 1: 0, 2: 0, 3: 0, 4: 0}",1
32,False,"{'a': 0.8, 'e': 0.0009765625}",20,0,29.339571201189663,"{0: 20, 1: 0, 2: 0, 3: 0, 4: 0}",0
33,False,"{'a': 0.8, 'e': 0.0009182736455463728}",25,15,16.781651035886775,"{0: 10, 1: 0, 2: 0, 3: 0, 4: 0}",1
34,False,"{'a': 0.8, 'e': 0.0008650519031141869}",20,8,23.57753454602969,"{0: 12, 1: 0, 2: 0, 3: 0, 4: 0}",1
35,False,"{'a': 0.8, 'e': 0.0008163265306122449}",30,9,39.83241534917383,"{0: 21, 1: 0, 2: 0, 3: 0, 4: 0}",1
36,False,"{'a': 0.8, 'e': 0.0007716049382716049}",25,4,20.80587777547958,"{0: 20, 1: 0, 2: 1, 3: 0, 4: 0}",1
37,False,"{'a': 0.8, 'e': 0.0007304601899196494}",30,8,37.348112197257166,"{0: 22, 1: 0, 2: 0, 3: 0, 4: 0}",1
38,False,"{'a': 0.8, 'e': 0.0006925207756232687}",30,12,36.12137035509917,"{0: 18, 1: 0, 2: 0, 3: 0, 4: 0}",1
39,False,"{'a': 0.8, 'e': 0.0006574621959237344}",20,4,11.35382398236913,"{0: 15, 1: 0, 2: 1, 3: 0, 4: 0}",1
40,False,"{'a': 0.8, 'e': 0.000625}",25,11,26.890379836461445,"{0: 14, 1: 0, 2: 0, 3: 0, 4: 0}",1
41,False,"{'a': 0.8, 'e': 0.000594883997620464}",25,15,15.519659207141725,"{0: 10, 1: 0, 2: 0, 3: 0, 4: 0}",1
42,False,"{'a': 0.8, 'e': 0.0005668934240362812}",20,10,19.606586996785843,"{0: 10, 1: 0, 2: 0, 3: 0, 4: 0}",1
43,False,"{'a': 0.8, 'e': 0.0005408328826392645}",20,0,29.339708372261246,"{0: 20, 1: 0, 2: 0, 3: 0, 4: 0}",0
44,False,"{'a': 0.8, 'e': 0.0005165289256198347}",30,14,33.38662763134585,"{0: 16, 1: 0, 2: 0, 3: 0, 4: 0}",1
45,False,"{'a': 0.8, 'e': 0.0004938271604938272}",25,11,23.446556841357943,"{0: 14, 1: 0, 2: 0, 3: 0, 4: 0}",1
46,False,"{'a': 0.8, 'e': 0.0004725897920604915}",20,12,15.149404477822081,"{0: 8, 1: 0, 2: 0, 3: 0, 4: 0}",1
47,False,"{'a': 0.8, 'e': 0.0004526935264825713}",20,0,30.52436617182267,"{0: 20, 1: 0, 2: 0, 3: 0, 4: 0}",0
48,False,"{'a': 0.8, 'e': 0.00043402777777777775}",35,18,36.06279811874525,"{0: 17, 1: 0, 2: 0, 3: 0, 4: 0}",1
49,False,"{'a': 0.8, 'e': 0.00041649312786339027}",20,10,12.33603499581008,"{0: 10, 1: 0, 2: 0, 3: 0, 4: 0}",1
50,False,"{'a': 0.8, 'e': 0.0004}",20,9,18.869647990776606,"{0: 11, 1: 0, 2: 0, 3: 0, 4: 0}",1
51,False,"{'a': 0.8, 'e': 0.00038446751249519417}",25,5,30.609706090222694,"{0: 20, 1: 0, 2: 0, 3: 0, 4: 0}",1
52,False,"{'a': 0.8, 'e': 0.0003698224852071006}",20,12,13.997771922821018,"{0: 8, 1: 0, 2: 0, 3: 0, 4: 0}",1
53,False,"{'a': 0.8, 'e': 0.000355998576005696}",25,11,28.648122668430844,"{0: 14, 1: 0, 2: 0, 3: 0, 4: 0}",1
54,False,"{'a': 0.8, 'e': 0.0003429355281207133}",20,10,23.888235072829353,"{0: 10, 1: 0, 2: 0, 3: 0, 4: 0}",1
55,False,"{'a': 0.8, 'e': 0.00033057851239669424}",20,6,21.877491348209823,"{0: 13, 1: 1, 2: 0, 3: 0, 4: 0}",1
56,False,"{'a': 0.8, 'e': 0.00031887755102040814}",25,16,17.674015774454542,"{0: 9, 1: 0, 2: 0, 3: 0, 4: 0}",1
57,False,"{'a': 0.8, 'e': 0.0003077870113881194}",25,11,23.751948668949417,"{0: 14, 1: 0, 2: 0, 3: 0, 4: 0}",1
58,False,"{'a': 0.8, 'e': 0.00029726516052318666}",20,16,7.967135009929273,"{0: 4, 1: 0, 2: 0, 3: 0, 4: 0}",1
59,False,"{'a': 0.8, 'e': 0.0002872737719046251}",20,11,18.544577792472765,"{0: 9, 1: 0, 2: 0, 3: 0, 4: 0}",1
60,False,"{'a': 0.8, 'e': 0.0002777777777777778}",25,15,16.865304436235693,"{0: 10, 1: 0, 2: 0, 3: 0, 4: 0}",1
61,False,"{'a': 0.8, 'e': 0.0002687449610319806}",20,8,21.50311119628337,"{0: 12, 1: 0, 2: 0, 3: 0, 4: 0}",1
62,False,"{'a': 0.8, 'e': 0.00026014568158168577}",25,0,36.22021486878788,"{0: 25, 1: 0, 2: 0, 3: 0, 4: 0}",0
63,False,"{'a': 0.8, 'e': 0.0002519526329050139}",25,10,30.76148454274982,"{0: 15, 1: 0, 2: 0, 3: 0, 4: 0}",1
64,False,"{'a': 0.8, 'e': 0.000244140625}",25,7,32.90466793741592,"{0: 18, 1: 0, 2: 0, 3: 0, 4: 0}",1
65,False,"{'a': 0.8, 'e': 0.00023668639053254438}",25,13,21.911534794192846,"{0: 12, 1: 0, 2: 0, 3: 0, 4: 0}",1
66,False,"{'a': 0.8, 'e': 0.0002295684113865932}",20,13,12.026168596330026,"{0: 7, 1: 0, 2: 0, 3: 0, 4: 0}",1
67,False,"{'a': 0.8, 'e': 0.00022276676319893073}",20,10,20.03258837780065,"{0: 10, 1: 0, 2: 0, 3: 0, 4: 0}",1
68,False,"{'a': 0.8, 'e': 0.00021626297577854672}",20,0,9.301640601053043,"{0: 19, 1: 0, 2: 0, 3: 1, 4: 0}",0
69,False,"{'a': 0.8, 'e': 0.00021003990758244065}",20,10,17.91919785114783,"{0: 10, 1: 0, 2: 0, 3: 0, 4: 0}",1
70,False,"{'a': 0.8, 'e': 0.00020408163265306123}",30,17,25.82947626056126,"{0: 13, 1: 0, 2: 0, 3: 0, 4: 0}",1
71,False,"{'a': 0.8, 'e': 0.00019837333862328903}",30,13,33.9072827243037,"{0: 17, 1: 0, 2: 0, 3: 0, 4: 0}",1
72,False,"{'a': 0.8, 'e': 0.00019290123456790122}",25,13,23.013203476793485,"{0: 12, 1: 0, 2: 0, 3: 0, 4: 0}",1
73,False,"{'a': 0.8, 'e': 0.00018765246762994934}",30,18,23.06734481455824,"{0: 12, 1: 0, 2: 0, 3: 0, 4: 0}",1
74,False,"{'a': 0.8, 'e': 0.00018261504747991235}",20,13,12.502722622282683,"{0: 7, 1: 0, 2: 0, 3: 0, 4: 0}",1
75,False,"{'a': 0.8, 'e': 0.00017777777777777779}",25,20,9.037456788568841,"{0: 5, 1: 0, 2: 0, 3: 0, 4: 0}",1
76,False,"{'a': 0.8, 'e': 0.00017313019390581717}",20,10,22.511216443880958,"{0: 10, 1: 0, 2: 0, 3: 0, 4: 0}",1
77,False,"{'a': 0.8, 'e': 0.00016866250632484398}",25,13,24.296146194533133,"{0: 12, 1: 0, 2: 0, 3: 0, 4: 0}",1
78,False,"{'a': 0.8, 'e': 0.0001643655489809336}",20,8,21.161144663478424,"{0: 12, 1: 0, 2: 0, 3: 0, 4: 0}",1
79,False,"{'a': 0.8, 'e': 0.0001602307322544464}",30,13,31.233172872559035,"{0: 17, 1: 0, 2: 0, 3: 0, 4: 0}",1
80,False,"{'a': 0.8, 'e': 0.00015625}",30,16,22.609238355070453,"{0: 14, 1: 0, 2: 0, 3: 0, 4: 0}",1
81,False,"{'a': 0.8, 'e': 0.00015241579027587258}",35,18,11.381402925349494,"{0: 16, 1: 0, 2: 0, 3: 1, 4: 0}",1
82,False,"{'a': 0.8, 'e': 0.000148720999405116}",25,14,23.436236884594873,"{0: 11, 1: 0, 2: 0, 3: 0, 4: 0}",1
83,False,"{'a': 0.8, 'e': 0.00014515894904920887}",25,18,14.064151334926056,"{0: 7, 1: 0, 2: 0, 3: 0, 4: 0}",1
84,False,"{'a': 0.8, 'e': 0.0001417233560090703}",20,13,12.542635242382817,"{0: 7, 1: 0, 2: 0, 3: 0, 4: 0}",1
85,False,"{'a': 0.8, 'e': 0.0001384083044982699}",25,8,34.33956498326512,"{0: 17, 1: 0, 2: 0, 3: 0, 4: 0}",1
86,False,"{'a': 0.8, 'e': 0.00013520822065981613}",25,11,24.720497726413683,"{0: 14, 1: 0, 2: 0, 3: 0, 4: 0}",1
87,False,"{'a': 0.8, 'e': 0.0001321178491214163}",25,8,30.59808695904944,"{0: 17, 1: 0, 2: 0, 3: 0, 4: 0}",1
88,False,"{'a': 0.8, 'e': 0.00012913223140495868}",25,0,35.307940925482406,"{0: 25, 1: 0, 2: 0, 3: 0, 4: 0}",0
89,False,"{'a': 0.8, 'e': 0.00012624668602449185}",20,14,11.880036374487302,"{0: 6, 1: 0, 2: 0, 3: 0, 4: 0}",1
90,False,"{'a': 0.8, 'e': 0.0001234567901234568}",30,17,23.827110966639584,"{0: 13, 1: 0, 2: 0, 3: 0, 4: 0}",1
91,False,"{'a': 0.8, 'e': 0.00012075836251660427}",25,11,28.403946356522535,"{0: 14, 1: 0, 2: 0, 3: 0, 4: 0}",1
92,False,"{'a': 0.8, 'e': 0.00011814744801512288}",25,13,24.072339558593615,"{0: 12, 1: 0, 2: 0, 3: 0, 4: 0}",1
93,False,"{'a': 0.8, 'e': 0.00011562030292519366}",25,17,14.175026816233796,"{0: 8, 1: 0, 2: 0, 3: 0, 4: 0}",1
94,False,"{'a': 0.8, 'e': 0.00011317338162064282}",25,17,15.569330656184357,"{0: 8, 1: 0, 2: 0, 3: 0, 4: 0}",1
95,False,"{'a': 0.8, 'e': 0.00011080332409972299}",20,15,11.231848723415988,"{0: 5, 1: 0, 2: 0, 3: 0, 4: 0}",1
96,False,"{'a': 0.8, 'e': 0.00010850694444444444}",20,8,23.235480844282797,"{0: 12, 1: 0, 2: 0, 3: 0, 4: 0}",1
97,False,"{'a': 0.8, 'e': 0.00010628122010840685}",25,0,38.15121509662981,"{0: 25, 1: 0, 2: 0, 3: 0, 4: 0}",0
98,False,"{'a': 0.8, 'e': 0.00010412328196584757}",20,12,13.184203979722126,"{0: 8, 1: 0, 2: 0, 3: 0, 4: 0}",1
99,False,"{'a': 0.8, 'e': 0.00010203040506070809}",30,12,29.855051810117097,"{0: 18, 1: 0, 2: 0, 3: 0, 4: 0}",1
100,False,"{'a': 0.8, 'e': 0.0001}",30,13,32.47304076082465,"{0: 17, 1: 0, 2: 0, 3: 0, 4: 0}",1
101,False,"{'a': 0.8, 'e': 9.802960494069208e-05}",30,0,46.8740773624944,"{0: 30, 1: 0, 2: 0, 3: 0, 4: 0}",0
102,False,"{'a': 0.8, 'e': 9.611687812379854e-05}",35,20,28.295731430574506,"{0: 15, 1: 0, 2: 0, 3: 0, 4: 0}",1
103,False,"{'a': 0.8, 'e': 9.425959091337543e-05}",20,0,34.90776036716784,"{0: 20, 1: 0, 2: 0, 3: 0, 4: 0}",0
104,False,"{'a': 0.8, 'e': 9.245562130177515e-05}",35,12,44.42933738016789,"{0: 23, 1: 0, 2: 0, 3: 0, 4: 0}",1
105,False,"{'a': 0.8, 'e': 9.070294784580499e-05}",25,4,29.642572059843936,"{0: 21, 1: 0, 2: 0, 3: 0, 4: 0}",1
106,False,"{'a': 0.8, 'e': 8.8999644001424e-05}",25,10,26.96719271263638,"{0: 15, 1: 0, 2: 0, 3: 0, 4: 0}",1
107,False,"{'a': 0.8, 'e': 8.734387282732117e-05}",25,3,38.28007380461011,"{0: 22, 1: 0, 2: 0, 3: 0, 4: 0}",1
108,False,"{'a': 0.8, 'e': 8.573388203017832e-05}",25,16,16.462885017635774,"{0: 9, 1: 0, 2: 0, 3: 0, 4: 0}",1
109,False,"{'a': 0.8, 'e': 8.416799932665601e-05}",20,16,6.9000765460584,"{0: 4, 1: 0, 2: 0, 3: 0, 4: 0}",1
110,False,"{'a': 0.8, 'e': 8.264462809917356e-05}",20,11,18.610565495838976,"{0: 9, 1: 0, 2: 0, 3: 0, 4: 0}",1
111,False,"{'a': 0.8, 'e': 8.116224332440549e-05}",20,14,12.397030721883684,"{0: 6, 1: 0, 2: 0, 3: 0, 4: 0}",1
112,False,"{'a': 0.8, 'e': 7.971938775510203e-05}",20,8,20.614448492265808,"{0: 12, 1: 0, 2: 0, 3: 0, 4: 0}",1
113,False,"{'a': 0.8, 'e': 7.831466833737959e-05}",25,19,10.314012294708855,"{0: 6, 1: 0, 2: 0, 3: 0, 4: 0}",1
114,False,"{'a': 0.8, 'e': 7.694675284702985e-05}",20,0,38.421258400448394,"{0: 20, 1: 0, 2: 0, 3: 0, 4: 0}",1
115,False,"{'a': 0.8, 'e': 7.561436672967863e-05}",20,10,14.810861571206486,"{0: 10, 1: 0, 2: 0, 3: 0, 4: 0}",1
116,False,"{'a': 0.8, 'e': 7.431629013079666e-05}",20,14,10.959727341689598,"{0: 6, 1: 0, 2: 0, 3: 0, 4: 0}",1
117,False,"{'a': 0.8, 'e': 7.305135510263716e-05}",35,25,23.07504809551078,"{0: 10, 1: 0, 2: 0, 3: 0, 4: 0}",1
118,False,"{'a': 0.8, 'e': 7.181844297615628e-05}",30,14,27.904990544350802,"{0: 16, 1: 0, 2: 0, 3: 0, 4: 0}",1
119,False,"{'a': 0.8, 'e': 7.06164818868724e-05}",25,7,33.17409878486058,"{0: 18, 1: 0, 2: 0, 3: 0, 4: 0}",1
120,False,"{'a': 0.8, 'e': 6.944444444444444e-05}",30,17,24.686169209954436,"{0: 13, 1: 0, 2: 0, 3: 0, 4: 0}",1
121,False,"{'a': 0.8, 'e': 6.830134553650706e-05}",35,14,40.3594527904531,"{0: 21, 1: 0, 2: 0, 3: 0, 4: 0}",1
122,False,"{'a': 0.8, 'e': 6.718624025799516e-05}",20,12,15.169084095418253,"{0: 8, 1: 0, 2: 0, 3: 0, 4: 0}",1
123,False,"{'a': 0.8, 'e': 6.609822195782933e-05}",20,14,13.427489917623078,"{0: 6, 1: 0, 2: 0, 3: 0, 4: 0}",1
124,False,"{'a': 0.8, 'e': 6.503642039542144e-05}",25,7,31.158607386175937,"{0: 18, 1: 0, 2: 0, 3: 0, 4: 0}",1
125,False,"{'a': 0.8, 'e': 6.4e-05}",25,16,18.036926278594766,"{0: 9, 1: 0, 2: 0, 3: 0, 4: 0}",1
126,False,"{'a': 0.8, 'e': 6.298815822625347e-05}",30,8,36.532002933867,"{0: 22, 1: 0, 2: 0, 3: 0, 4: 0}",1
127,False,"{'a': 0.8, 'e': 6.2000124000248e-05}",25,1,39.43377389128704,"{0: 24, 1: 0, 2: 0, 3: 0, 4: 0}",1
128,False,"{'a': 0.8, 'e': 6.103515625e-05}",25,16,17.900358503688743,"{0: 9, 1: 0, 2: 0, 3: 0, 4: 0}",1
129,False,"{'a': 0.8, 'e': 6.009254251547383e-05}",20,9,11.098760627156322,"{0: 10, 1: 0, 2: 1, 3: 0, 4: 0}",1
130,False,"{'a': 0.8, 'e': 5.9171597633136094e-05}",30,13,33.40995693146497,"{0: 17, 1: 0, 2: 0, 3: 0, 4: 0}",1
131,False,"{'a': 0.8, 'e': 5.8271662490530857e-05}",20,16,7.8907344799288115,"{0: 4, 1: 0, 2: 0, 3: 0, 4: 0}",1
132,False,"{'a': 0.8, 'e': 5.73921028466483e-05}",25,10,26.82578892646411,"{0: 15, 1: 0, 2: 0, 3: 0, 4: 0}",1
133,False,"{'a': 0.8, 'e': 5.6532308214144386e-05}",25,11,28.870338044490886,"{0: 14, 1: 0, 2: 0, 3: 0, 4: 0}",1
134,False,"{'a': 0.8, 'e': 5.569169079973268e-05}",30,9,37.95125588074991,"{0: 21, 1: 0, 2: 0, 3: 0, 4: 0}",1
135,False,"{'a': 0.8, 'e': 5.486968449931413e-05}",25,17,14.358101737184267,"{0: 8, 1: 0, 2: 0, 3: 0, 4: 0}",1
136,False,"{'a': 0.8, 'e': 5.406574394463668e-05}",20,12,15.058649695213195,"{0: 8, 1: 0, 2: 0, 3: 0, 4: 0}",1
137,False,"{'a': 0.8, 'e': 5.3279343598486864e-05}",20,14,12.603077412354555,"{0: 6, 1: 0, 2: 0, 3: 0, 4: 0}",1
138,False,"{'a': 0.8, 'e': 5.250997689561016e-05}",30,4,41.8120171954505,"{0: 26, 1: 0, 2: 0, 3: 0, 4: 0}",1
139,False,"{'a': 0.8, 'e': 5.175715542673774e-05}",20,7,25.154017570392668,"{0: 13, 1: 0, 2: 0, 3: 0, 4: 0}",1
140,False,"{'a': 0.8, 'e': 5.102040816326531e-05}",25,5,32.942414751387496,"{0: 20, 1: 0, 2: 0, 3: 0, 4: 0}",1
141,False,"{'a': 0.8, 'e': 5.02992807202857e-05}",20,6,23.740703517003297,"{0: 14, 1: 0, 2: 0, 3: 0, 4: 0}",1
142,False,"{'a': 0.8, 'e': 4.959333465582226e-05}",25,13,23.91904391866257,"{0: 12, 1: 0, 2: 0, 3: 0, 4: 0}",1
143,False,"{'a': 0.8, 'e': 4.8902146804244705e-05}",30,17,24.107057225917718,"{0: 13, 1: 0, 2: 0, 3: 0, 4: 0}",1
144,False,"{'a': 0.8, 'e': 4.8225308641975306e-05}",20,10,-5.725655351420045,"{0: 9, 1: 0, 2: 0, 3: 1, 4: 0}",1
145,False,"{'a': 0.8, 'e': 4.756242568370987e-05}",20,14,11.509209624687418,"{0: 6, 1: 0, 2: 0, 3: 0, 4: 0}",1
146,False,"{'a': 0.8, 'e': 4.6913116907487336e-05}",25,7,35.777322316629586,"{0: 18, 1: 0, 2: 0, 3: 0, 4: 0}",1
147,False,"{'a': 0.8, 'e': 4.627701420704336e-05}",30,12,33.101184270138226,"{0: 18, 1: 0, 2: 0, 3: 0, 4: 0}",1
148,False,"{'a': 0.8, 'e': 4.565376186997809e-05}",25,0,-14.793031842345801,"{0: 23, 1: 0, 2: 1, 3: 0, 4: 1}",0
149,False,"{'a': 0.8, 'e': 4.504301608035674e-05}",25,13,23.982556892227525,"{0: 12, 1: 0, 2: 0, 3: 0, 4: 0}",1
150,False,"{'a': 0.8, 'e': 4.4444444444444447e-05}",25,7,30.10273613189045,"{0: 18, 1: 0, 2: 0, 3: 0, 4: 0}",1
151,False,"{'a': 0.8, 'e': 4.385772553835358e-05}",25,15,19.84478052244002,"{0: 10, 1: 0, 2: 0, 3: 0, 4: 0}",1
152,False,"{'a': 0.8, 'e': 4.3282548476454294e-05}",20,9,18.46991271245939,"{0: 11, 1: 0, 2: 0, 3: 0, 4: 0}",1
153,False,"{'a': 0.8, 'e': 4.2718612499466016e-05}",25,11,24.77754182461449,"{0: 14, 1: 0, 2: 0, 3: 0, 4: 0}",1
154,False,"{'a': 0.8, 'e': 4.2165626581210996e-05}",30,17,25.64500082692596,"{0: 13, 1: 0, 2: 0, 3: 0, 4: 0}",1
155,False,"{'a': 0.8, 'e': 4.162330905306972e-05}",30,11,33.63768655234988,"{0: 19, 1: 0, 2: 0, 3: 0, 4: 0}",1
156,False,"{'a': 0.8, 'e': 4.10913872452334e-05}",25,15,21.24598811583885,"{0: 10, 1: 0, 2: 0, 3: 0, 4: 0}",1
157,False,"{'a': 0.8, 'e': 4.056959714390036e-05}",20,3,27.43882873543194,"{0: 17, 1: 0, 2: 0, 3: 0, 4: 0}",1
158,False,"{'a': 0.8, 'e': 4.00576830636116e-05}",30,15,26.134926998981857,"{0: 15, 1: 0, 2: 0, 3: 0, 4: 0}",1
159,False,"{'a': 0.8, 'e': 3.955539733396622e-05}",25,14,25.20791638285895,"{0: 11, 1: 0, 2: 0, 3: 0, 4: 0}",1
160,False,"{'a': 0.8, 'e': 3.90625e-05}",20,11,16.20306647822837,"{0: 9, 1: 0, 2: 0, 3: 0, 4: 0}",1
161,False,"{'a': 0.8, 'e': 3.8578758535550326e-05}",25,15,18.354563506567406,"{0: 10, 1: 0, 2: 0, 3: 0, 4: 0}",1
162,False,"{'a': 0.8, 'e': 3.8103947568968146e-05}",30,13,30.031568506163808,"{0: 17, 1: 0, 2: 0, 3: 0, 4: 0}",1
163,False,"{'a': 0.8, 'e': 3.7637848620572846e-05}",25,14,20.94329552406977,"{0: 11, 1: 0, 2: 0, 3: 0, 4: 0}",1
164,False,"{'a': 0.8, 'e': 3.7180249851279e-05}",20,8,23.940106975270194,"{0: 12, 1: 0, 2: 0, 3: 0, 4: 0}",1
165,False,"{'a': 0.8, 'e': 3.6730945821854914e-05}",25,15,16.80945869414591,"{0: 10, 1: 0, 2: 0, 3: 0, 4: 0}",1
166,False,"{'a': 0.8, 'e': 3.628973726230222e-05}",20,12,13.5641729151663,"{0: 8, 1: 0, 2: 0, 3: 0, 4: 0}",1
167,False,"{'a': 0.8, 'e': 3.58564308508731e-05}",30,7,41.76267516441835,"{0: 23, 1: 0, 2: 0, 3: 0, 4: 0}",1
168,False,"{'a': 0.8, 'e': 3.5430839002267575e-05}",30,7,43.612441526501684,"{0: 23, 1: 0, 2: 0, 3: 0, 4: 0}",1
169,False,"{'a': 0.8, 'e': 3.501277966457757e-05}",20,4,32.66518626403261,"{0: 16, 1: 0, 2: 0, 3: 0, 4: 0}",1
170,False,"{'a': 0.8, 'e': 3.460207612456748e-05}",30,13,30.440918852211404,"{0: 17, 1: 0, 2: 0, 3: 0, 4: 0}",1
171,False,"{'a': 0.8, 'e': 3.419855682090216e-05}",25,10,30.814197643460773,"{0: 15, 1: 0, 2: 0, 3: 0, 4: 0}",1
172,False,"{'a': 0.8, 'e': 3.380205516495403e-05}",20,10,21.049587034784384,"{0: 10, 1: 0, 2: 0, 3: 0, 4: 0}",1
173,False,"{'a': 0.8, 'e': 3.3412409368839586e-05}",25,12,25.350606307961574,"{0: 13, 1: 0, 2: 0, 3: 0, 4: 0}",1
174,False,"{'a': 0.8, 'e': 3.302946228035408e-05}",25,8,32.49885637304178,"{0: 17, 1: 0, 2: 0, 3: 0, 4: 0}",1
175,False,"{'a': 0.8, 'e': 3.265306122448979e-05}",25,13,24.291766428464364,"{0: 12, 1: 0, 2: 0, 3: 0, 4: 0}",1
176,False,"{'a': 0.8, 'e': 3.228305785123967e-05}",20,8,22.270629777347157,"{0: 12, 1: 0, 2: 0, 3: 0, 4: 0}",1
177,False,"{'a': 0.8, 'e': 3.191930798940279e-05}",25,8,29.49049249478205,"{0: 17, 1: 0, 2: 0, 3: 0, 4: 0}",1
178,False,"{'a': 0.8, 'e': 3.156167150612296e-05}",30,18,21.448016579997926,"{0: 12, 1: 0, 2: 0, 3: 0, 4: 0}",1
179,False,"{'a': 0.8, 'e': 3.121001217190475e-05}",25,14,22.481223612160363,"{0: 11, 1: 0, 2: 0, 3: 0, 4: 0}",1
180,False,"{'a': 0.8, 'e': 3.08641975308642e-05}",30,19,21.102529517465957,"{0: 11, 1: 0, 2: 0, 3: 0, 4: 0}",1
181,False,"{'a': 0.8, 'e': 3.0524098775983637e-05}",30,24,10.84210005966626,"{0: 6, 1: 0, 2: 0, 3: 0, 4: 0}",1
182,False,"{'a': 0.8, 'e': 3.0189590629151068e-05}",25,12,22.6316587593522,"{0: 13, 1: 0, 2: 0, 3: 0, 4: 0}",1
183,False,"{'a': 0.8, 'e': 2.986055122577563e-05}",25,15,21.25314445323063,"{0: 10, 1: 0, 2: 0, 3: 0, 4: 0}",1
184,False,"{'a': 0.8, 'e': 2.953686200378072e-05}",20,8,25.863596665003158,"{0: 12, 1: 0, 2: 0, 3: 0, 4: 0}",1
185,False,"{'a': 0.8, 'e': 2.9218407596785974e-05}",25,7,36.63485584977182,"{0: 18, 1: 0, 2: 0, 3: 0, 4: 0}",1
186,False,"{'a': 0.8, 'e': 2.8905075731298415e-05}",20,10,18.607994324980147,"{0: 10, 1: 0, 2: 0, 3: 0, 4: 0}",1
187,False,"{'a': 0.8, 'e': 2.8596757127741712e-05}",20,9,21.31385797125607,"{0: 11, 1: 0, 2: 0, 3: 0, 4: 0}",1
188,False,"{'a': 0.8, 'e': 2.8293345405160706e-05}",20,7,28.20084401978955,"{0: 13, 1: 0, 2: 0, 3: 0, 4: 0}",1
189,False,"{'a': 0.8, 'e': 2.7994736989445986e-05}",20,8,26.282272334288404,"{0: 12, 1: 0, 2: 0, 3: 0, 4: 0}",1
190,False,"{'a': 0.8, 'e': 2.7700831024930747e-05}",25,0,40.390483334524944,"{0: 25, 1: 0, 2: 0, 3: 0, 4: 0}",0
191,False,"{'a': 0.8, 'e': 2.7411529289219047e-05}",25,7,28.907832113408116,"{0: 18, 1: 0, 2: 0, 3: 0, 4: 0}",1
192,False,"{'a': 0.8, 'e': 2.712673611111111e-05}",20,8,24.185685521817376,"{0: 12, 1: 0, 2: 0, 3: 0, 4: 0}",1
193,False,"{'a': 0.8, 'e': 2.684635829149776e-05}",25,11,24.008534952697023,"{0: 14, 1: 0, 2: 0, 3: 0, 4: 0}",1
194,False,"{'a': 0.8, 'e': 2.6570305027101713e-05}",20,13,13.137395593668579,"{0: 7, 1: 0, 2: 0, 3: 0, 4: 0}",1
195,False,"{'a': 0.8, 'e': 2.6298487836949376e-05}",30,14,29.287615342957153,"{0: 16, 1: 0, 2: 0, 3: 0, 4: 0}",1
196,False,"{'a': 0.8, 'e': 2.6030820491461892e-05}",20,16,7.081508305662931,"{0: 4, 1: 0, 2: 0, 3: 0, 4: 0}",1
197,False,"{'a': 0.8, 'e': 2.5767218944059367e-05}",20,1,34.76607126276878,"{0: 19, 1: 0, 2: 0, 3: 0, 4: 0}",1
198,False,"{'a': 0.8, 'e': 2.5507601265177022e-05}",20,11,14.711244646906989,"{0: 9, 1: 0, 2: 0, 3: 0, 4: 0}",1
199,False,"{'a': 0.8, 'e': 2.52518875785965e-05}",20,13,12.049687420781197,"{0: 7, 1: 0, 2: 0, 3: 0, 4: 0}",1
200,False,"{'a': 0.8, 'e': 2.5e-05}",20,14,13.78596653044907,"{0: 6, 1: 0, 2: 0, 3: 0, 4: 0}",1
201,False,"{'a': 0.8, 'e': 2.475186257765897e-05}",30,11,12.092087998698643,"{0: 18, 1: 0, 2: 0, 3: 1, 4: 0}",1
202,False,"{'a': 0.8, 'e': 2.450740123517302e-05}",20,12,14.61937035358005,"{0: 8, 1: 0, 2: 0, 3: 0, 4: 0}",1
203,False,"{'a': 0.8, 'e': 2.4266543716178503e-05}",20,10,19.977077416356934,"{0: 10, 1: 0, 2: 0, 3: 0, 4: 0}",1
204,False,"{'a': 0.8, 'e': 2.4029219530949635e-05}",20,6,28.409395488927647,"{0: 14, 1: 0, 2: 0, 3: 0, 4: 0}",1
205,False,"{'a': 0.8, 'e': 2.3795359904818562e-05}",25,9,29.694092241543395,"{0: 16, 1: 0, 2: 0, 3: 0, 4: 0}",1
206,False,"{'a': 0.8, 'e': 2.356489772834386e-05}",25,12,24.191267300803993,"{0: 13, 1: 0, 2: 0, 3: 0, 4: 0}",1
207,False,"{'a': 0.8, 'e': 2.3337767509160075e-05}",20,10,18.625733758900573,"{0: 10, 1: 0, 2: 0, 3: 0, 4: 0}",1
208,False,"{'a': 0.8, 'e': 2.3113905325443786e-05}",20,13,11.625744675872642,"{0: 7, 1: 0, 2: 0, 3: 0, 4: 0}",1
209,False,"{'a': 0.8, 'e': 2.2893248780934502e-05}",20,14,10.561779871043226,"{0: 6, 1: 0, 2: 0, 3: 0, 4: 0}",1
210,False,"{'a': 0.8, 'e': 2.2675736961451248e-05}",20,0,26.60750327972092,"{0: 20, 1: 0, 2: 0, 3: 0, 4: 0}",0
211,False,"{'a': 0.8, 'e': 2.246131039284832e-05}",30,12,36.92678701489098,"{0: 18, 1: 0, 2: 0, 3: 0, 4: 0}",1
212,False,"{'a': 0.8, 'e': 2.2249911000356e-05}",35,17,32.560616318776624,"{0: 18, 1: 0, 2: 0, 3: 0, 4: 0}",1
213,False,"{'a': 0.8, 'e': 2.2041482069254335e-05}",20,16,6.985305056461182,"{0: 4, 1: 0, 2: 0, 3: 0, 4: 0}",1
214,False,"{'a': 0.8, 'e': 2.1835968206830292e-05}",20,11,17.3511267654487,"{0: 9, 1: 0, 2: 0, 3: 0, 4: 0}",1
215,False,"{'a': 0.8, 'e': 2.1633315305570577e-05}",20,0,35.65974992910415,"{0: 20, 1: 0, 2: 0, 3: 0, 4: 0}",1
216,False,"{'a': 0.8, 'e': 2.143347050754458e-05}",20,8,21.02954436145112,"{0: 12, 1: 0, 2: 0, 3: 0, 4: 0}",1
217,False,"{'a': 0.8, 'e': 2.123638216993353e-05}",25,18,7.692317932977012,"{0: 6, 1: 1, 2: 0, 3: 0, 4: 0}",1
218,False,"{'a': 0.8, 'e': 2.1041999831664002e-05}",20,12,14.199669714586593,"{0: 8, 1: 0, 2: 0, 3: 0, 4: 0}",1
219,False,"{'a': 0.8, 'e': 2.085027418110548e-05}",20,11,14.298455480728192,"{0: 9, 1: 0, 2: 0, 3: 0, 4: 0}",1
220,False,"{'a': 0.8, 'e': 2.066115702479339e-05}",20,14,12.879416524791399,"{0: 6, 1: 0, 2: 0, 3: 0, 4: 0}",1
221,False,"{'a': 0.8, 'e': 2.047460125714052e-05}",30,18,20.564055977759857,"{0: 12, 1: 0, 2: 0, 3: 0, 4: 0}",1
222,False,"{'a': 0.8, 'e': 2.029056083110137e-05}",25,7,33.50795731107661,"{0: 18, 1: 0, 2: 0, 3: 0, 4: 0}",1
223,False,"{'a': 0.8, 'e': 2.0108990729755272e-05}",30,19,18.223045695624045,"{0: 11, 1: 0, 2: 0, 3: 0, 4: 0}",1
224,False,"{'a': 0.8, 'e': 1.992984693877551e-05}",20,14,11.018046358573322,"{0: 6, 1: 0, 2: 0, 3: 0, 4: 0}",1
225,False,"{'a': 0.8, 'e': 1.9753086419753087e-05}",25,16,21.096215488269124,"{0: 9, 1: 0, 2: 0, 3: 0, 4: 0}",1
226,False,"{'a': 0.8, 'e': 1.9578667084344897e-05}",25,9,28.906446600205506,"{0: 16, 1: 0, 2: 0, 3: 0, 4: 0}",1
227,False,"{'a': 0.8, 'e': 1.9406547769217335e-05}",20,7,24.1604368291684,"{0: 13, 1: 0, 2: 0, 3: 0, 4: 0}",1
228,False,"{'a': 0.8, 'e': 1.9236688211757463e-05}",25,3,39.4831722134843,"{0: 22, 1: 0, 2: 0, 3: 0, 4: 0}",1
229,False,"{'a': 0.8, 'e': 1.9069049026525047e-05}",25,11,26.792985625546606,"{0: 14, 1: 0, 2: 0, 3: 0, 4: 0}",1
230,False,"{'a': 0.8, 'e': 1.8903591682419658e-05}",20,12,16.061648997523672,"{0: 8, 1: 0, 2: 0, 3: 0, 4: 0}",1
231,False,"{'a': 0.8, 'e': 1.874027848053822e-05}",25,10,28.911928594091545,"{0: 15, 1: 0, 2: 0, 3: 0, 4: 0}",1
232,False,"{'a': 0.8, 'e': 1.8579072532699166e-05}",30,16,26.56399611878263,"{0: 14, 1: 0, 2: 0, 3: 0, 4: 0}",1
233,False,"{'a': 0.8, 'e': 1.8419937740610438e-05}",35,17,34.55500586722967,"{0: 18, 1: 0, 2: 0, 3: 0, 4: 0}",1
234,False,"{'a': 0.8, 'e': 1.826283877565929e-05}",25,15,18.44232483157794,"{0: 10, 1: 0, 2: 0, 3: 0, 4: 0}",1
235,False,"{'a': 0.8, 'e': 1.8107741059302852e-05}",25,11,26.481147935519182,"{0: 14, 1: 0, 2: 0, 3: 0, 4: 0}",1
236,False,"{'a': 0.8, 'e': 1.795461074403907e-05}",25,15,20.806337726302544,"{0: 10, 1: 0, 2: 0, 3: 0, 4: 0}",1
237,False,"{'a': 0.8, 'e': 1.780341469493849e-05}",20,9,21.1579204948898,"{0: 11, 1: 0, 2: 0, 3: 0, 4: 0}",1
238,False,"{'a': 0.8, 'e': 1.76541204717181e-05}",25,18,14.414781697521946,"{0: 7, 1: 0, 2: 0, 3: 0, 4: 0}",1
239,False,"{'a': 0.8, 'e': 1.7506696311339088e-05}",20,7,25.723226047017356,"{0: 13, 1: 0, 2: 0, 3: 0, 4: 0}",1
240,False,"{'a': 0.8, 'e': 1.736111111111111e-05}",20,14,11.930668020554759,"{0: 6, 1: 0, 2: 0, 3: 0, 4: 0}",1
241,False,"{'a': 0.8, 'e': 1.721733441228629e-05}",20,9,19.437898321248046,"{0: 11, 1: 0, 2: 0, 3: 0, 4: 0}",1
242,False,"{'a': 0.8, 'e': 1.7075336384126766e-05}",20,6,25.49232516255691,"{0: 14, 1: 0, 2: 0, 3: 0, 4: 0}",1
243,False,"{'a': 0.8, 'e': 1.6935087808430286e-05}",25,13,27.23015731213757,"{0: 12, 1: 0, 2: 0, 3: 0, 4: 0}",1
244,False,"{'a': 0.8, 'e': 1.679656006449879e-05}",20,13,13.283415380718544,"{0: 7, 1: 0, 2: 0, 3: 0, 4: 0}",1
245,False,"{'a': 0.8, 'e': 1.665972511453561e-05}",30,22,15.231452118277975,"{0: 8, 1: 0, 2: 0, 3: 0, 4: 0}",1
246,False,"{'a': 0.8, 'e': 1.6524555489457333e-05}",25,15,19.05080089003867,"{0: 10, 1: 0, 2: 0, 3: 0, 4: 0}",1
247,False,"{'a': 0.8, 'e': 1.6391024275106952e-05}",20,10,17.83474700536177,"{0: 10, 1: 0, 2: 0, 3: 0, 4: 0}",1
248,False,"{'a': 0.8, 'e': 1.625910509885536e-05}",25,0,40.85486069968807,"{0: 25, 1: 0, 2: 0, 3: 0, 4: 0}",0
249,False,"{'a': 0.8, 'e': 1.6128772116578765e-05}",25,8,31.573035773425676,"{0: 17, 1: 0, 2: 0, 3: 0, 4: 0}",1
250,False,"{'a': 0.8, 'e': 1.6e-05}",20,5,26.251774720501047,"{0: 15, 1: 0, 2: 0, 3: 0, 4: 0}",1
251,False,"{'a': 0.8, 'e': 1.5872763924382153e-05}",25,7,32.74310146073269,"{0: 18, 1: 0, 2: 0, 3: 0, 4: 0}",1
252,False,"{'a': 0.8, 'e': 1.5747039556563368e-05}",20,10,17.683466237554935,"{0: 10, 1: 0, 2: 0, 3: 0, 4: 0}",1
253,False,"{'a': 0.8, 'e': 1.5622803043322032e-05}",25,16,16.729186524773052,"{0: 9, 1: 0, 2: 0, 3: 0, 4: 0}",1
254,False,"{'a': 0.8, 'e': 1.5500031000062e-05}",30,18,21.743206352525313,"{0: 12, 1: 0, 2: 0, 3: 0, 4: 0}",1
255,False,"{'a': 0.8, 'e': 1.5378700499807768e-05}",20,12,14.836656274073144,"{0: 8, 1: 0, 2: 0, 3: 0, 4: 0}",1
256,False,"{'a': 0.8, 'e': 1.52587890625e-05}",20,7,23.479232819327315,"{0: 13, 1: 0, 2: 0, 3: 0, 4: 0}",1
257,False,"{'a': 0.8, 'e': 1.5140274644582053e-05}",20,6,15.243394988768525,"{0: 13, 1: 0, 2: 1, 3: 0, 4: 0}",1
258,False,"{'a': 0.8, 'e': 1.5023135628868457e-05}",20,8,25.223883358397888,"{0: 12, 1: 0, 2: 0, 3: 0, 4: 0}",1
259,False,"{'a': 0.8, 'e': 1.4907350814686721e-05}",25,18,14.688567684512812,"{0: 7, 1: 0, 2: 0, 3: 0, 4: 0}",1
260,False,"{'a': 0.8, 'e': 1.4792899408284024e-05}",30,14,31.07116363860045,"{0: 16, 1: 0, 2: 0, 3: 0, 4: 0}",1
261,False,"{'a': 0.8, 'e': 1.46797610134907e-05}",35,15,35.91923776996432,"{0: 20, 1: 0, 2: 0, 3: 0, 4: 0}",1
262,False,"{'a': 0.8, 'e': 1.4567915622632714e-05}",25,16,16.9839647917938,"{0: 9, 1: 0, 2: 0, 3: 0, 4: 0}",1
263,False,"{'a': 0.8, 'e': 1.4457343607685523e-05}",20,15,10.264413185070598,"{0: 5, 1: 0, 2: 0, 3: 0, 4: 0}",1
264,False,"{'a': 0.8, 'e': 1.4348025711662075e-05}",25,13,21.922789252370528,"{0: 12, 1: 0, 2: 0, 3: 0, 4: 0}",1
265,False,"{'a': 0.8, 'e': 1.423994304022784e-05}",30,17,22.57913251659169,"{0: 13, 1: 0, 2: 0, 3: 0, 4: 0}",1
266,False,"{'a': 0.8, 'e': 1.4133077053536096e-05}",25,10,24.922301608388292,"{0: 15, 1: 0, 2: 0, 3: 0, 4: 0}",1
267,False,"{'a': 0.8, 'e': 1.4027409558276873e-05}",20,4,-14.630176122018831,"{0: 15, 1: 0, 2: 0, 3: 0, 4: 1}",1
268,False,"{'a': 0.8, 'e': 1.392292269993317e-05}",20,14,11.177947251852364,"{0: 6, 1: 0, 2: 0, 3: 0, 4: 0}",1
269,False,"{'a': 0.8, 'e': 1.3819598955238318e-05}",25,19,13.021590907286276,"{0: 6, 1: 0, 2: 0, 3: 0, 4: 0}",1
270,False,"{'a': 0.8, 'e': 1.3717421124828532e-05}",20,12,15.440002899359367,"{0: 8, 1: 0, 2: 0, 3: 0, 4: 0}",1
271,False,"{'a': 0.8, 'e': 1.3616372326084885e-05}",20,10,19.126492589970603,"{0: 10, 1: 0, 2: 0, 3: 0, 4: 0}",1
272,False,"{'a': 0.8, 'e': 1.351643598615917e-05}",25,10,27.29121999917188,"{0: 15, 1: 0, 2: 0, 3: 0, 4: 0}",1
273,False,"{'a': 0.8, 'e': 1.3417595835178253e-05}",20,4,22.586436283101833,"{0: 16, 1: 0, 2: 0, 3: 0, 4: 0}",1
274,False,"{'a': 0.8, 'e': 1.3319835899621716e-05}",25,17,12.670620212428616,"{0: 8, 1: 0, 2: 0, 3: 0, 4: 0}",1
275,False,"{'a': 0.8, 'e': 1.3223140495867768e-05}",20,12,18.116868682410377,"{0: 8, 1: 0, 2: 0, 3: 0, 4: 0}",1
276,False,"{'a': 0.8, 'e': 1.312749422390254e-05}",25,16,5.15528627189598,"{0: 8, 1: 0, 2: 1, 3: 0, 4: 0}",1
277,False,"{'a': 0.8, 'e': 1.3032881961188077e-05}",25,18,12.562160926005316,"{0: 7, 1: 0, 2: 0, 3: 0, 4: 0}",1
278,False,"{'a': 0.8, 'e': 1.2939288856684436e-05}",30,11,39.16466243054604,"{0: 19, 1: 0, 2: 0, 3: 0, 4: 0}",1
279,False,"{'a': 0.8, 'e': 1.2846700325021518e-05}",20,6,29.82735309755579,"{0: 14, 1: 0, 2: 0, 3: 0, 4: 0}",1
280,False,"{'a': 0.8, 'e': 1.2755102040816327e-05}",20,14,11.45094946158455,"{0: 6, 1: 0, 2: 0, 3: 0, 4: 0}",1
281,False,"{'a': 0.8, 'e': 1.2664479933131545e-05}",25,11,26.144163998471655,"{0: 14, 1: 0, 2: 0, 3: 0, 4: 0}",1
282,False,"{'a': 0.8, 'e': 1.2574820180071425e-05}",30,17,24.091747989730656,"{0: 13, 1: 0, 2: 0, 3: 0, 4: 0}",1
283,False,"{'a': 0.8, 'e': 1.2486109203511094e-05}",20,5,26.667072828047928,"{0: 15, 1: 0, 2: 0, 3: 0, 4: 0}",1
284,False,"{'a': 0.8, 'e': 1.2398333663955564e-05}",20,10,15.99569846038504,"{0: 10, 1: 0, 2: 0, 3: 0, 4: 0}",1
285,False,"{'a': 0.8, 'e': 1.2311480455524777e-05}",25,6,34.73603614883663,"{0: 19, 1: 0, 2: 0, 3: 0, 4: 0}",1
286,False,"{'a': 0.8, 'e': 1.2225536701061176e-05}",20,6,27.185537469448644,"{0: 14, 1: 0, 2: 0, 3: 0, 4: 0}",1
287,False,"{'a': 0.8, 'e': 1.2140489747356409e-05}",30,13,34.2311677868793,"{0: 17, 1: 0, 2: 0, 3: 0, 4: 0}",1
288,False,"{'a': 0.8, 'e': 1.2056327160493826e-05}",20,3,23.85791367928668,"{0: 17, 1: 0, 2: 0, 3: 0, 4: 0}",1
289,False,"{'a': 0.8, 'e': 1.1973036721303624e-05}",30,10,31.572784093715313,"{0: 20, 1: 0, 2: 0, 3: 0, 4: 0}",1
290,False,"{'a': 0.8, 'e': 1.1890606420927467e-05}",30,11,35.07038111675222,"{0: 19, 1: 0, 2: 0, 3: 0, 4: 0}",1
291,False,"{'a': 0.8, 'e': 1.1809024456489649e-05}",20,15,10.895288006124836,"{0: 5, 1: 0, 2: 0, 3: 0, 4: 0}",1
292,False,"{'a': 0.8, 'e': 1.1728279226871834e-05}",25,10,27.53516135210631,"{0: 15, 1: 0, 2: 0, 3: 0, 4: 0}",1
293,False,"{'a': 0.8, 'e': 1.1648359328588568e-05}",20,1,31.72685696302464,"{0: 19, 1: 0, 2: 0, 3: 0, 4: 0}",1
294,False,"{'a': 0.8, 'e': 1.156925355176084e-05}",25,13,21.972417084292776,"{0: 12, 1: 0, 2: 0, 3: 0, 4: 0}",1
295,False,"{'a': 0.8, 'e': 1.1490950876185005e-05}",20,8,21.33485804982497,"{0: 12, 1: 0, 2: 0, 3: 0, 4: 0}",1
296,False,"{'a': 0.8, 'e': 1.1413440467494522e-05}",20,11,16.914605754692705,"{0: 9, 1: 0, 2: 0, 3: 0, 4: 0}",1
297,False,"{'a': 0.8, 'e': 1.1336711673412011e-05}",20,13,14.179504663792162,"{0: 7, 1: 0, 2: 0, 3: 0, 4: 0}",1
298,False,"{'a': 0.8, 'e': 1.1260754020089185e-05}",20,12,15.760295151859541,"{0: 8, 1: 0, 2: 0, 3: 0, 4: 0}",1
299,False,"{'a': 0.8, 'e': 1.1185557208532343e-05}",25,17,14.169638883055995,"{0: 8, 1: 0, 2: 0, 3: 0, 4: 0}",1
300,False,"{'a': 0.8, 'e': 1.1111111111111112e-05}",30,15,27.118044211193244,"{0: 15, 1: 0, 2: 0, 3: 0, 4: 0}",1
301,False,"{'a': 0.8, 'e': 1.1037405768148255e-05}",30,10,35.91291103943964,"{0: 20, 1: 0, 2: 0, 3: 0, 4: 0}",1
302,False,"{'a': 0.8, 'e': 1.0964431384588396e-05}",20,6,27.697053590867352,"{0: 14, 1: 0, 2: 0, 3: 0, 4: 0}",1
303,False,"{'a': 0.8, 'e': 1.0892178326743566e-05}",20,12,15.580441943075266,"{0: 8, 1: 0, 2: 0, 3: 0, 4: 0}",1
304,False,"{'a': 0.8, 'e': 1.0820637119113573e-05}",25,16,15.899218798910137,"{0: 9, 1: 0, 2: 0, 3: 0, 4: 0}",1
305,False,"{'a': 0.8, 'e': 1.0749798441279227e-05}",20,8,22.701120871784585,"{0: 12, 1: 0, 2: 0, 3: 0, 4: 0}",1
306,False,"{'a': 0.8, 'e': 1.0679653124866504e-05}",30,12,28.333201454236022,"{0: 18, 1: 0, 2: 0, 3: 0, 4: 0}",1
307,False,"{'a': 0.8, 'e': 1.0610192150579848e-05}",25,16,16.674104787887348,"{0: 9, 1: 0, 2: 0, 3: 0, 4: 0}",1
308,False,"{'a': 0.8, 'e': 1.0541406645302749e-05}",20,13,13.220956636885953,"{0: 7, 1: 0, 2: 0, 3: 0, 4: 0}",1
309,False,"{'a': 0.8, 'e': 1.0473287879263938e-05}",25,11,25.611626722645042,"{0: 14, 1: 0, 2: 0, 3: 0, 4: 0}",1
310,False,"{'a': 0.8, 'e': 1.040582726326743e-05}",20,3,25.646304773080104,"{0: 17, 1: 0, 2: 0, 3: 0, 4: 0}",1
311,False,"{'a': 0.8, 'e': 1.0339016345984843e-05}",30,13,34.28982315404107,"{0: 17, 1: 0, 2: 0, 3: 0, 4: 0}",1
312,False,"{'a': 0.8, 'e': 1.027284681130835e-05}",30,12,34.59612755347931,"{0: 18, 1: 0, 2: 0, 3: 0, 4: 0}",1
313,False,"{'a': 0.8, 'e': 1.0207310475762742e-05}",20,0,33.05825207646324,"{0: 20, 1: 0, 2: 0, 3: 0, 4: 0}",0
314,False,"{'a': 0.8, 'e': 1.014239928597509e-05}",25,7,31.99548609739435,"{0: 18, 1: 0, 2: 0, 3: 0, 4: 0}",1
315,False,"{'a': 0.8, 'e': 1.0078105316200555e-05}",25,10,25.091040142852506,"{0: 15, 1: 0, 2: 0, 3: 0, 4: 0}",1
316,False,"{'a': 0.8, 'e': 1.00144207659029e-05}",20,14,10.111256593846042,"{0: 6, 1: 0, 2: 0, 3: 0, 4: 0}",1
317,False,"{'a': 0.8, 'e': 9.95133795738837e-06}",20,12,16.982479344757575,"{0: 8, 1: 0, 2: 0, 3: 0, 4: 0}",1
1,True,"{'a': 0, 'e': 0}",25,19,10.960808049590499,"{0: 6, 1: 0, 2: 0, 3: 0, 4: 0}",1
2,True,"{'a': 0, 'e': 0}",30,7,43.38724476505106,"{0: 23, 1: 0, 2: 0, 3: 0, 4: 0}",1
3,True,"{'a': 0, 'e': 0}",25,13,27.089566956723015,"{0: 12, 1: 0, 2: 0, 3: 0, 4: 0}",1
4,True,"{'a': 0, 'e': 0}",25,19,12.797190603527797,"{0: 6, 1: 0, 2: 0, 3: 0, 4: 0}",1
5,True,"{'a': 0, 'e': 0}",20,3,27.362078249406615,"{0: 17, 1: 0, 2: 0, 3: 0, 4: 0}",1
6,True,"{'a': 0, 'e': 0}",20,0,29.766765708577193,"{0: 20, 1: 0, 2: 0, 3: 0, 4: 0}",1
7,True,"{'a': 0, 'e': 0}",25,13,23.79625330279014,"{0: 12, 1: 0, 2: 0, 3: 0, 4: 0}",1
8,True,"{'a': 0, 'e': 0}",35,18,34.96444472365879,"{0: 17, 1: 0, 2: 0, 3: 0, 4: 0}",1
9,True,"{'a': 0, 'e': 0}",20,3,31.712589630314437,"{0: 17, 1: 0, 2: 0, 3: 0, 4: 0}",1
10,True,"{'a': 0, 'e': 0}",20,0,28.473493503455387,"{0: 20, 1: 0, 2: 0, 3: 0, 4: 0}",0
